Accessories-Scarf-AriannaScarf,1
DIY-SewingPattern-AdelineSewingPattern,4
DIY-SewingPattern-AllisonSewingPattern,2
DIY-SewingPattern-BaileySewingPattern,5
DIY-SewingPattern-CharlieSewingPattern,1
DIY-SewingPattern-ElianaSewingPattern,2
DIY-SewingPattern-KennedySewingPattern,1
DIY-SewingPattern-MakaylaSewingPattern,1
DIY-SewingPattern-MariaSewingPattern,2
DIY-SewingPattern-PenelopeSewingPattern,2
DIY-SewingPattern-PeytonSewingPattern,1
DIY-SewingPattern-SamanthaSewingPattern,3
DIY-SewingPattern-SkylerSewingPattern,3
DIY-SewingPattern-SophieSewingPattern,15
DIY-SewingPattern-StellaSewingPattern,1
DIY-SewingPattern-VioletSewingPattern,2
DIY-StarterKit-StarterKit,3
Lingerie&Beachwear-Beachwear-Bathingsuit-GraceBathingsuit,1
Lingerie&Beachwear-Beachwear-Bathingsuit-ScarlettBathingsuit,1
Lingerie&Beachwear-Lingerie-Body-EllieBody,1
PremiumSubscription,1814
ReadyToWear-Bottoms-Jeans-CatherineJeans,2
ReadyToWear-Bottoms-Jeans-OctaviaJeans,1
ReadyToWear-Bottoms-Jeans-RoaryJeans,1
ReadyToWear-Dresses-HyacinthDress,1
ReadyToWear-Dresses-LilaDress,1
ReadyToWear-Dresses-LillyDress,1
ReadyToWear-Dresses-QuincyDress,1
ReadyToWear-Dresses-RiaDress,1
ReadyToWear-Dresses-TanyaDress,1
ReadyToWear-Rompers-Jumpsuit-ElenaJumpsuit,1
ReadyToWear-Rompers-Jumpsuit-HaileyJumpsuit,2
ReadyToWear-Skirt-AlexandraSkirt,13
ReadyToWear-Skirt-CailinSkirt,1
ReadyToWear-Skirt-JaneSkirt,1
ReadyToWear-Skirt-MarnySkirt,3
ReadyToWear-Skirt-SarahSkirt,1
ReadyToWear-Tops-Sweater-AdalynSweater,3
ReadyToWear-Tops-Sweater-Kittykittysweater,1
ReadyToWear-Tops-Top-HarperTop,1